COMMENT ON COLUMN auto.aut_chasis IS 'numero de chasis del vehículo';
COMMENT ON COLUMN auto.aut_capacidad IS 'número de personas que caben en el auto';
COMMENT ON COLUMN catalogo.ctg_codigo IS 'código personalizado para una rápida identificación del catálogo';
COMMENT ON COLUMN catalogo.ctg_nombre IS 'nombre o descricpión del catálogo';
COMMENT ON COLUMN reglamento.rgl_hora_inicio IS 'hora en que inicia el pico y placa';
COMMENT ON COLUMN reglamento.rgl_estado IS 'estado para identificar si el reglamento(pico y placa) es activo o inactivo';
COMMENT ON COLUMN reglamento_detalles.rde_digito_placa IS 'último dígito de la placa';
INSERT INTO catalogo (ctg_id, ctg_codigo, ctg_nombre) VALUES (1, 'DAY', 'Dias de la semana');
INSERT INTO catalogo (ctg_id, ctg_codigo, ctg_nombre) VALUES (2, 'MRC', 'Marca de vehículos');
INSERT INTO catalogo (ctg_id, ctg_codigo, ctg_nombre) VALUES (3, 'CLR', 'Colores');
INSERT INTO catalogo (ctg_id, ctg_codigo, ctg_nombre) VALUES (4, 'MDL', 'Modelos de vehículos');

INSERT INTO catalogo_valor (cvl_id, cvl_descripcion, ctg_id) VALUES (1, 'LUNES', 1);
INSERT INTO catalogo_valor (cvl_id, cvl_descripcion, ctg_id) VALUES (2, 'MARTES', 1);
INSERT INTO catalogo_valor (cvl_id, cvl_descripcion, ctg_id) VALUES (3, 'MIERCOLES', 1);
INSERT INTO catalogo_valor (cvl_id, cvl_descripcion, ctg_id) VALUES (4, 'JUEVES', 1);
INSERT INTO catalogo_valor (cvl_id, cvl_descripcion, ctg_id) VALUES (5, 'VIERNES', 1);
INSERT INTO catalogo_valor (cvl_id, cvl_descripcion, ctg_id) VALUES (6, 'SABADO', 1);
INSERT INTO catalogo_valor (cvl_id, cvl_descripcion, ctg_id) VALUES (7, 'DOMINGO', 1);
INSERT INTO catalogo_valor (cvl_id, cvl_descripcion, ctg_id) VALUES (8, 'CHEVROLET', 2);
INSERT INTO catalogo_valor (cvl_id, cvl_descripcion, ctg_id) VALUES (9, 'CITROEN', 2);
INSERT INTO catalogo_valor (cvl_id, cvl_descripcion, ctg_id) VALUES (10, 'FORD', 2);
INSERT INTO catalogo_valor (cvl_id, cvl_descripcion, ctg_id) VALUES (11, 'KIA', 2);
INSERT INTO catalogo_valor (cvl_id, cvl_descripcion, ctg_id) VALUES (12, 'NEGRO', 3);
INSERT INTO catalogo_valor (cvl_id, cvl_descripcion, ctg_id) VALUES (13, 'BLANCO', 3);
INSERT INTO catalogo_valor (cvl_id, cvl_descripcion, ctg_id) VALUES (14, 'VINO', 3);
INSERT INTO catalogo_valor (cvl_id, cvl_descripcion, ctg_id) VALUES (15, 'AZUL MARINO', 3);
INSERT INTO catalogo_valor (cvl_id, cvl_descripcion, ctg_id) VALUES (16, 'GRIS', 3);
INSERT INTO catalogo_valor (cvl_id, cvl_descripcion, ctg_id) VALUES (17, 'SUV', 4);
INSERT INTO catalogo_valor (cvl_id, cvl_descripcion, ctg_id) VALUES (18, 'CAMIONETA', 4);
INSERT INTO catalogo_valor (cvl_id, cvl_descripcion, ctg_id) VALUES (19, 'DEPORTIVO', 4);

INSERT INTO reglamento (rgl_id, rgl_dia, rgl_hora_inicio, rgl_hora_fin, rgl_estado) VALUES (1, 1, '08:00:00', '19:00:00', true);
INSERT INTO reglamento (rgl_id, rgl_dia, rgl_hora_inicio, rgl_hora_fin, rgl_estado) VALUES (2, 2, '08:00:00', '19:00:00', true);
INSERT INTO reglamento (rgl_id, rgl_dia, rgl_hora_inicio, rgl_hora_fin, rgl_estado) VALUES (3, 3, '08:00:00', '19:00:00', true);
INSERT INTO reglamento (rgl_id, rgl_dia, rgl_hora_inicio, rgl_hora_fin, rgl_estado) VALUES (4, 4, '08:00:00', '19:00:00', true);
INSERT INTO reglamento (rgl_id, rgl_dia, rgl_hora_inicio, rgl_hora_fin, rgl_estado) VALUES (5, 5, '08:00:00', '19:00:00', true);
INSERT INTO reglamento_detalles (rgl_id, rde_digito_placa, rde_estado) VALUES (1, 0, true);
INSERT INTO reglamento_detalles (rgl_id, rde_digito_placa, rde_estado) VALUES (1, 1, true);
INSERT INTO reglamento_detalles (rgl_id, rde_digito_placa, rde_estado) VALUES (2, 2, true);
INSERT INTO reglamento_detalles (rgl_id, rde_digito_placa, rde_estado) VALUES (2, 3, true);
INSERT INTO reglamento_detalles (rgl_id, rde_digito_placa, rde_estado) VALUES (3, 4, true);
INSERT INTO reglamento_detalles (rgl_id, rde_digito_placa, rde_estado) VALUES (3, 5, true);
INSERT INTO reglamento_detalles (rgl_id, rde_digito_placa, rde_estado) VALUES (4, 6, true);
INSERT INTO reglamento_detalles (rgl_id, rde_digito_placa, rde_estado) VALUES (4, 7, true);
INSERT INTO reglamento_detalles (rgl_id, rde_digito_placa, rde_estado) VALUES (5, 8, true);
INSERT INTO reglamento_detalles (rgl_id, rde_digito_placa, rde_estado) VALUES (5, 9, true);